{
  "info": {
    "_postman_id": "your-collection-id",
    "name": "Auth App",
    "schema": "https://schema.getpostman.com/json/collection/v2.1.0/collection.json"
  },
  "item": [
    {
      "name": "Register",
      "request": {
        "method": "POST",
        "header": [
          {
            "key": "Content-Type",
            "value": "application/json"
          }
        ],
        "body": {
          "mode": "raw",
          "raw": "{\n  \"firstname\": \"John\",\n  \"lastname\": \"Doe\",\n  \"email\": \"john.doe@example.com\",\n  \"password\": \"password123\"\n}"
        },
        "url": {
          "raw": "http://localhost:8080/api/v1/auth/register",
          "protocol": "http",
          "host": ["localhost"],
          "port": "8080",
          "path": ["api", "v1", "auth", "register"]
        }
      },
      "response": []
    },
    {
      "name": "Authenticate (Login)",
      "request": {
        "method": "POST",
        "header": [
          {
            "key": "Content-Type",
            "value": "application/json"
          }
        ],
        "body": {
          "mode": "raw",
          "raw": "{\n  \"email\": \"john.doe@example.com\",\n  \"password\": \"password123\"\n}"
        },
        "url": {
          "raw": "http://localhost:8080/api/v1/auth/authenticate",
          "protocol": "http",
          "host": ["localhost"],
          "port": "8080",
          "path": ["api", "v1", "auth", "authenticate"]
        }
      },
      "response": []
    },
    {
      "name": "Logout",
      "request": {
        "method": "POST",
        "header": [
          {
            "key": "Authorization",
            "value": "Bearer <token>"
          },
          {
            "key": "Content-Type",
            "value": "application/json"
          }
        ],
        "body": {
          "mode": "raw",
          "raw": ""
        },
        "url": {
          "raw": "http://localhost:8080/api/v1/auth/logout",
          "protocol": "http",
          "host": ["localhost"],
          
          "port": "8080",
          "path": ["api", "v1", "auth", "logout"]
        }
      },
      "response": []
    },
    {
      "name": "Refresh Token",
      "request": {
        "method": "POST",
        "header": [
          {
            "key": "Content-Type",
            "value": "application/json"
          }
        ],
        "body": {
          "mode": "raw",
          "raw": "{\n  \"refreshToken\": \"<refresh_token>\"\n}"
        },
        "url": {
          "raw": "http://localhost:8080/api/v1/auth/refresh-token",
          "protocol": "http",
          "host": ["localhost"],
          "port": "8080",
          "path": ["api", "v1", "auth", "refresh-token"]
        }
      },
      "response": []
    },
    {
      "name": "Google OAuth2 Login",
      "request": {
        "method": "POST",
        "header": [
          {
            "key": "Content-Type",
            "value": "application/json"
          }
        ],
        "body": {
          "mode": "raw",
          "raw": "{\n  \"email\": \"googleuser@example.com\"\n}"
        },
        "url": {
          "raw": "http://localhost:8080/api/v1/auth/oauth2/google",
          "protocol": "http",
          "host": ["localhost"],
          "port": "8080",
          "path": ["api", "v1", "auth", "oauth2", "google"]
        }
      },
      "response": []
    },
    {
      "name": "Upgrade to Livreur",
      "request": {
        "method": "POST",
        "header": [
          {
            "key": "Authorization",
            "value": "Bearer <token>"
          },
          {
            "key": "Content-Type",
            "value": "application/json"
          }
        ],
        "body": {
          "mode": "raw",
          "raw": "{\n  \"cartNationalId\": \"123456789\",\n  \"vehiclePapiers\": \"ABC123\"\n}"
        },
        "url": {
          "raw": "http://localhost:8080/api/v1/auth/upgrade-to-livreur/{userId}",
          "protocol": "http",
          "host": ["localhost"],
          "port": "8080",
          "path": ["api", "v1", "auth", "upgrade-to-livreur", "{userId}"]
        }
      },
      "response": []
    },
    {
      "name": "Upgrade to Commerçant",
      "request": {
        "method": "POST",
        "header": [
          {
            "key": "Authorization",
            "value": "Bearer <token>"
          },
          {
            "key": "Content-Type",
            "value": "application/json"
          }
        ],
        "body": {
          "mode": "raw",
          "raw": "{\n  \"cartNationalId\": \"987654321\",\n  \"type\": \"GROCERY\"\n}"
        },
        "url": {
          "raw": "http://localhost:8080/api/v1/auth/upgrade-to-commercant/{userId}",
          "protocol": "http",
          "host": ["localhost"],
          "port": "8080",
          "path": ["api", "v1", "auth", "upgrade-to-commercant", "{userId}"]
        }
      },
      "response": []
    },
    {
      "name": "Secured Endpoint",
      "request": {
        "method": "GET",
        "header": [
          {
            "key": "Authorization",
            "value": "Bearer <token>"
          }
        ],
        "body": {
          "mode": "raw",
          "raw": ""
        },
        "url": {
          "raw": "http://localhost:8080/api/v1/demo-controller",
          "protocol": "http",
          "host": ["localhost"],
          "port": "8080",
          "path": ["api", "v1", "demo-controller"]
        }
      },
      "response": []
    }
  ]
}